timestamp(ms),RCOU.C2,VELE.v_aoa,RCOU.C1,RCOU.C3,RCOU.C4,IMU[0].GyrX,IMU[0].GyrY,IMU[0].GyrZ,IMU[0].AccX,IMU[0].AccY,IMU[0].AccZ,ARSP.Airspeed,BARO.Alt,XKF1[1].Roll,XKF1[1].Pitch,XKF1[1].Yaw,VELE.v_ssa,BARO.Temp
839329.6282121453,1523,1.1253615617752075,1523,1572,1497,-0.2019563764333725,0.19999776780605316,-0.1001882404088974,0.47399258613586426,-0.02890753746032715,-14.660038948059082,21.180822372436523,101.60511016845703,2.57,1.73,244.51,1.0375945568084717,33.86
839429.6282121453,1523,1.1644866466522217,1536,1564,1497,-0.2545951306819916,0.23066222667694092,-0.10341133177280426,0.24740536510944366,-0.04680196940898895,-12.125402450561523,21.06795310974121,102.29191589355469,1.5,2.72,244.12,1.0228408575057983,33.86
839529.6282121453,1523,1.2791930437088013,1537,1564,1497,-0.07302495837211609,0.26774364709854126,-0.07857047766447067,0.29809990525245667,0.1836385726928711,-11.793721199035645,20.57705307006836,102.30255889892578,0.83,4.52,243.65,1.0052169561386108,33.86
839629.6282121453,1523,1.1673568487167358,1515,1572,1497,0.034387677907943726,0.23677992820739746,-0.10888579487800598,0.6377735733985901,-0.45617708563804626,-14.036433219909668,19.734539031982422,101.98311614990234,0.95,5.63,243.23,1.099328637123108,33.86
839729.6282121453,1524,1.1737014055252075,1510,1572,1497,0.3912789523601532,0.10718079656362534,-0.04177678003907204,0.8884148001670837,-0.5872935652732849,-13.933223724365234,19.754634857177734,102.3078842163086,3.05,6.52,242.92,1.1413238048553467,33.86
839829.6282121453,1560,1.2186172008514404,1539,1572,1497,0.07108557969331741,0.10327426344156265,-0.02988640032708645,0.6591728925704956,-0.7545375227928162,-12.71887493133545,19.764820098876953,102.8110122680664,3.45,6.99,242.83,1.124908447265625,33.86
839929.6282121453,1609,1.2828185558319092,1518,1572,1497,-0.31562912464141846,0.04384446516633034,-0.028064852580428123,0.6588473320007324,-0.5348808765411377,-10.307635307312012,19.645727157592773,103.26089477539062,1.74,7.29,242.73,1.123448133468628,33.86
840029.6282121453,1661,1.3602126836776733,1503,1572,1499,-0.2663256824016571,-0.1844465434551239,-0.0017257875297218561,0.4632367789745331,-0.24587130546569824,-7.464231014251709,19.45035743713379,103.91043853759766,0.52,6.53,242.69,1.139007568359375,33.86
840129.6282121453,1661,1.3820159435272217,1519,1572,1497,-0.35583558678627014,-0.2163761705160141,0.01062861829996109,0.45798182487487793,-0.3737804889678955,-6.111147403717041,19.25583267211914,104.3177261352539,-1.82,5.06,242.79,1.173802137374878,33.86
840229.6282121453,1640,1.3817138671875,1560,1572,1497,-0.5368369817733765,-0.17625944316387177,0.03512249514460564,0.505548894405365,-0.4511595368385315,-5.9018778800964355,19.119232177734375,104.42154693603516,-4.18,4.21,242.99,1.1699248552322388,33.86
840329.6282121453,1625,1.3426390886306763,1562,1572,1497,-0.5008504986763,-0.12600389122962952,0.08796905726194382,0.5099189877510071,-0.359679639339447,-6.662957191467285,19.44611358642578,104.48011016845703,-7.87,3.4,243.65,1.1912246942520142,33.86
840429.6282121453,1594,1.3492858409881592,1536,1564,1497,-0.46597206592559814,-0.073738232254982,0.12115295231342316,0.47421231865882874,-0.06704286485910416,-7.605214595794678,19.390668869018555,104.80488586425781,-10.1,3.16,244.25,1.082157850265503,33.86
840529.6282121453,1559,1.3124266862869263,1539,1564,1497,-0.26997169852256775,0.08646098524332047,0.06686342507600784,0.37558290362358093,0.6856743693351746,-7.354165077209473,19.553115844726562,105.28138732910156,-12.16,3.8,244.67,1.001994252204895,33.86
840629.6282121453,1551,1.2842284440994263,1514,1516,1497,-0.11713282018899918,0.18608710169792175,-0.04351779818534851,0.26124775409698486,0.07331286370754242,-10.600323677062988,19.344343185424805,104.9539566040039,-12.66,4.55,244.41,1.0347243547439575,33.86
840729.6282121453,1551,1.1956558227539062,1514,1500,1497,-0.1336035132408142,0.1513960063457489,-0.10023539513349533,0.34821009635925293,-0.3991488218307495,-13.303598403930664,19.764619827270508,104.78092193603516,-13.67,5.48,243.55,1.0884017944335938,33.86
840829.6282121453,1544,1.2299468517303467,1507,1500,1497,-0.2493809014558792,0.09001904726028442,-0.11499811708927155,-0.046749766916036606,-1.0821393728256226,-13.219117164611816,20.19578742980957,105.01251983642578,-14.81,5.8,242.97,1.2539657354354858,33.86
840929.6282121453,1543,1.342840552330017,1502,1500,1497,-0.2596754729747772,0.08940707892179489,-0.02665822021663189,-0.07785747945308685,-0.3896051049232483,-10.677995681762695,19.755216598510742,105.62213134765625,-16.36,6.36,242.62,1.2402191162109375,33.86
841029.6282121453,1542,1.3853896856307983,1500,1500,1499,-0.13460329174995422,0.14646917581558228,0.021763715893030167,-0.25460365414619446,-0.4010794460773468,-6.736870288848877,19.806306838989258,106.21044158935547,-16.94,6.99,242.57,1.2137328386306763,33.86
841129.6282121453,1554,1.3361937999725342,1500,1500,1497,-0.17769315838813782,0.22532372176647186,0.043843742460012436,-0.007593406829982996,-0.08504103124141693,-8.606454849243164,19.15731430053711,105.79515838623047,-18.01,8.46,242.52,1.0652389526367188,33.86
841229.6282121453,1578,1.279394507408142,1500,1500,1497,-0.19080699980258942,0.1543882042169571,0.00738411583006382,0.15608882904052734,-0.07807551324367523,-10.183677673339844,19.133098602294922,106.02143859863281,-18.76,9.21,242.38,1.0582901239395142,33.86
841329.6282121453,1570,1.0247039794921875,1500,1500,1497,-0.09382789582014084,0.053213875740766525,-0.05696139484643936,0.515766441822052,0.10637357085943222,-15.567000389099121,19.48720359802246,105.78984069824219,-19.34,9.44,241.99,1.038299560546875,33.86
841429.6282121453,1629,1.2436431646347046,1500,1500,1497,-0.0041341413743793964,-0.0878862738609314,-0.13019375503063202,-0.09140954911708832,0.1489003747701645,-11.251607894897461,19.987123489379883,106.3781509399414,-19.45,8.91,241.57,1.007080078125,33.86
841529.6282121453,1651,1.1550201177597046,1500,1500,1497,-0.094062939286232,-0.11987099051475525,-0.21322791278362274,0.10051164031028748,0.060637302696704865,-12.63483715057373,20.126876831054688,106.513916015625,-20.24,7.65,240.53,0.9950957894325256,33.86
841629.6282121453,1709,1.2526061534881592,1500,1500,1497,-0.09457170218229294,-0.3481256663799286,-0.25487372279167175,-0.20659910142421722,0.26234379410743713,-8.479254722595215,20.45689582824707,107.03567504882812,-20.73,5.86,239.94,1.00506591796875,33.86
841729.6282121453,1780,1.51862633228302,1500,1500,1497,0.06699272990226746,-0.5525168180465698,-0.24973948299884796,-0.28321194648742676,0.13566996157169342,-3.8111305236816406,20.78866195678711,107.85558319091797,-20.51,1.93,239.46,1.0030517578125,33.86
841829.6282121453,1817,1.4303054809570312,1500,1500,1497,-0.025551198050379753,-0.7065019011497498,-0.22514022886753082,-0.14548584818840027,0.6250978112220764,-1.7529391050338745,21.38883399963379,108.52642059326172,-20.76,-1.35,239.47,0.9998794198036194,33.85
841929.6282121453,1809,1.68177330493927,1500,1500,1497,0.374137818813324,-0.822274923324585,-0.21772310137748718,-0.22367161512374878,0.5599372386932373,3.461106538772583,21.45561981201172,109.24783325195312,-18.6,-7.12,239.8,1.0250564813613892,33.85
842029.6282121453,1800,1.5896254777908325,1500,1500,1499,0.5007926225662231,-0.7032132744789124,-0.20106786489486694,-0.0697031244635582,0.6295065879821777,2.5476465225219727,20.323932647705078,109.04285430908203,-16.38,-10.57,239.8,1.018107533454895,33.86
842129.6282121453,1770,1.5338836908340454,1500,1500,1499,0.9904360771179199,-0.7557421922683716,-0.16322003304958344,-0.07846707105636597,0.35182344913482666,-1.211577296257019,19.609100341796875,108.31611633300781,-10.1,-15.88,239.59,0.9934341311454773,33.86
842229.6282121453,1761,1.5521117448806763,1500,1500,1499,0.32068803906440735,-0.6940905451774597,-0.23059053719043732,-0.10497082769870758,0.8367335796356201,0.3694114685058594,20.547439575195312,108.21229553222656,-8.35,-19.19,238.95,0.8902084231376648,33.86
842329.6282121453,1753,1.5288985967636108,1500,1500,1499,-0.21698398888111115,-0.5578176975250244,-0.3767547607421875,-0.16758419573307037,0.9387508034706116,1.6433377265930176,20.475305557250977,108.19632720947266,-8.52,-23.41,236.84,0.8545578122138977,33.86
842429.6282121453,1730,1.5334304571151733,1500,1500,1499,-0.181838721036911,-0.47277024388313293,-0.4422348737716675,-0.28533321619033813,0.07952914386987686,-1.157482624053955,20.75014305114746,107.3018798828125,-8.49,-25.82,234.97,1.0030517578125,33.86
842529.6282121453,1720,1.5551329851150513,1500,1500,1499,-0.09140989184379578,-0.4493753910064697,-0.3507022261619568,-0.3827453851699829,-0.4561719000339508,-1.7870876789093018,20.717050552368164,106.4473648071289,-8.19,-29.21,232.66,1.1301451921463013,33.86
842629.6282121453,1712,1.5830291509628296,1500,1500,1499,-0.46729519963264465,-0.39332717657089233,-0.22258812189102173,-0.42304787039756775,-0.9452365636825562,-0.5078288912773132,21.273784637451172,105.92028045654297,-9.65,-31.2,231.75,1.3395172357559204,33.86
842729.6282121453,1688,1.641087293624878,1500,1500,1499,-0.2684740424156189,-0.3867218494415283,-0.01805204339325428,-0.5259174704551697,-0.26707619428634644,1.6253670454025269,21.913816452026367,105.4464340209961,-11.99,-33.78,231.93,1.243693470954895,33.86
842829.6282121453,1641,1.559513807296753,1500,1500,1499,-0.44847461581230164,-0.15629783272743225,0.08888763934373856,-0.6315638422966003,-0.7400232553482056,0.02220778539776802,21.90662956237793,104.74365234375,-14.4,-34.47,232.6,1.3386611938476562,33.85
842929.6282121453,1596,1.5409835577011108,1500,1500,1499,-0.4979182183742523,0.040546197444200516,0.21754634380340576,-0.8407047986984253,-0.9825375080108643,-2.530352830886841,21.663541793823242,103.4552230834961,-18.72,-34.01,234.32,1.3511489629745483,33.85
843029.6282121453,1525,1.4479293823242188,1500,1500,1497,-0.5435852408409119,0.2923937737941742,0.2777549624443054,-0.7686675786972046,-0.0853649154305458,-5.965960502624512,21.789926528930664,101.36552429199219,-21.75,-32.46,235.36,1.22254478931427,33.85
843129.6282121453,1524,1.2678130865097046,1500,1500,1499,-0.20756866037845612,0.370121568441391,0.2444736510515213,-0.792641282081604,0.1337020993232727,-11.62724494934082,22.045623779296875,99.656494140625,-24.03,-29.51,236.2,1.1014938354492188,33.86
843229.6282121453,1500,1.3671112060546875,1500,1500,1500,-0.07261167466640472,0.33083710074424744,0.1171015128493309,-0.8215247392654419,0.8718653321266174,-10.342924118041992,22.87158966064453,98.83392333984375,-24.38,-27.83,236.17,0.9422744512557983,33.86
843329.6282121453,1449,1.2136825323104858,1500,1500,1500,0.2161673754453659,0.5033252239227295,-0.04358341172337532,-0.6061040163040161,0.5384687781333923,-15.4764404296875,22.987089157104492,97.31655883789062,-22.4,-24.97,234.67,0.881396472454071,33.85
843429.6282121453,1429,1.2092514038085938,1500,1500,1500,0.24503569304943085,0.5303419232368469,-0.22228074073791504,-0.7847137451171875,0.24937936663627625,-17.655000686645508,24.226516723632812,95.63681030273438,-20.63,-23.06,232.88,0.9427779912948608,33.85
843529.6282121453,1423,1.0710296630859375,1500,1500,1500,0.28812694549560547,0.5867387056350708,-0.3169352412223816,-0.5872675180435181,0.08633814752101898,-23.142894744873047,24.736417770385742,94.53205871582031,-18.04,-19.99,229.5,1.0186614990234375,33.85
843629.6282121453,1408,1.1737014055252075,1500,1500,1500,0.18515996634960175,0.5243508219718933,-0.32337290048599243,-0.7416213154792786,-0.17253518104553223,-21.069223403930664,24.55047607421875,93.66157531738281,-16.54,-18.06,227.35,1.0162445306777954,33.85
843729.6282121453,1388,1.1189162731170654,1500,1500,1499,0.11431451141834259,0.6102982759475708,-0.3134799599647522,-0.6407586932182312,-0.8490229249000549,-22.238204956054688,24.41619873046875,92.70855712890625,-14.83,-14.54,224.19,1.0797911882400513,33.85
843829.6282121453,1368,1.1815567016601562,1500,1500,1499,-0.07161571830511093,0.7115485668182373,-0.25415119528770447,-0.6856296062469482,-0.9874480962753296,-22.07311248779297,24.26964569091797,91.91527557373047,-14.67,-11.68,222.33,1.1203261613845825,33.85
843929.6282121453,1361,1.0997817516326904,1500,1500,1499,-0.12755881249904633,0.7494471073150635,-0.1664961874485016,-0.265167236328125,-1.559120774269104,-25.51649284362793,24.128101348876953,91.32695770263672,-15.34,-6.94,220.02,1.2124236822128296,33.85
844029.6282121453,1368,1.1533584594726562,1500,1500,1497,-0.3393036425113678,0.7052193284034729,-0.06764330714941025,-0.16540315747261047,-1.839215636253357,-24.910688400268555,23.64168357849121,90.66943359375,-16.62,-3.85,218.94,1.2711364030838013,33.85
844129.6282121453,1369,1.076115369796753,1500,1500,1497,-0.2222665697336197,0.6752148270606995,0.04253566265106201,-0.3308592438697815,-0.7954453229904175,-24.541051864624023,23.686758041381836,90.50704956054688,-18.24,0.61,217.94,1.1908721923828125,33.85
844229.6282121453,1377,1.036688208580017,1500,1500,1497,0.11060331016778946,0.6103659272193909,0.06171104684472084,0.1167028620839119,-0.5879150629043579,-27.855422973632812,24.46588134765625,90.45381164550781,-17.93,3.45,217.44,1.106378197669983,33.85
844329.6282121453,1377,1.0788848400115967,1500,1500,1497,0.04317015781998634,0.6548397541046143,-0.003282298566773534,-0.10506054759025574,-0.3335781991481781,-25.540740966796875,23.838603973388672,90.39791107177734,-17.86,7.65,216.3,1.069065809249878,33.85
844429.6282121453,1376,1.098321557044983,1500,1500,1497,-0.008413147181272507,0.6701450943946838,-0.06064857915043831,-0.21031343936920166,-0.02077096700668335,-23.56841278076172,23.526777267456055,90.64281463623047,-18.23,10.54,215.17,1.0508880615234375,33.85
844529.6282121453,1377,1.0524489879608154,1500,1500,1499,0.13718576729297638,0.6739269495010376,-0.09087776392698288,0.2689961791038513,-0.09176221489906311,-24.469242095947266,22.77996063232422,90.74397277832031,-17.86,14.79,213.26,1.0007354021072388,33.85
844629.6282121453,1392,1.12591552734375,1500,1500,1499,-0.05146988481283188,0.5768705010414124,-0.18138481676578522,-0.030207956209778786,-0.3919960558414459,-21.722692489624023,22.333045959472656,91.12730407714844,-18.46,17.11,211.73,1.0167983770370483,33.85
844729.6282121453,1395,1.2213363647460938,1500,1500,1499,-0.06606654077768326,0.6269537806510925,-0.21617655456066132,-0.0031040506437420845,-0.034552376717329025,-18.6827449798584,22.131568908691406,92.27996826171875,-20.02,20.72,208.89,0.9519424438476562,33.85
844829.6282121453,1419,1.1119171380996704,1500,1500,1499,-0.1493205726146698,0.6163554191589355,-0.2892715632915497,0.3025300204753876,-0.09766513109207153,-19.413494110107422,21.220529556274414,92.29328155517578,-21.72,22.97,206.6,0.9799392819404602,33.85
844929.6282121453,1485,1.0684112310409546,1500,1500,1500,-0.34915128350257874,0.4780423641204834,-0.28967776894569397,0.40114834904670715,-0.5772401690483093,-19.185611724853516,20.491239547729492,93.34745025634766,-25.22,25.28,203.25,1.086639404296875,33.85
845029.6282121453,1523,1.1743056774139404,1500,1500,1500,-0.1944243609905243,0.23718298971652985,-0.24359512329101562,0.17315608263015747,-0.3035939931869507,-14.069828033447266,20.237646102905273,94.41226959228516,-26.92,25.86,201.62,1.0333648920059204,33.85
845129.6282121453,1523,1.2069350481033325,1500,1500,1499,0.1499217301607132,0.17412592470645905,-0.20612832903862,0.12009546160697937,0.3339253067970276,-12.193852424621582,20.046581268310547,95.19490814208984,-27.26,26.29,199.59,0.966796875,33.85
845229.6282121453,1571,1.1737518310546875,1500,1500,1497,0.3236774504184723,0.10381505638360977,-0.2542637884616852,0.3233538568019867,0.6125888228416443,-12.417898178100586,19.455078125,95.7965316772461,-26.47,26.26,198.21,0.8927261233329773,33.85
845329.6282121453,1657,1.2140350341796875,1500,1500,1497,0.48804619908332825,-0.06533858925104141,-0.3291909098625183,0.302679181098938,0.6293069124221802,-10.676119804382324,19.46555519104004,96.7229232788086,-24.06,24.98,196.05,0.8140228390693665,33.85
845429.6282121453,1739,1.335790991783142,1500,1500,1497,0.3322427570819855,-0.3382726311683655,-0.44135791063308716,0.11639496684074402,0.7745789885520935,-6.514306545257568,19.782291412353516,97.98738861083984,-23.02,22.89,194.6,0.8335098028182983,33.85
845529.6282121453,1772,1.5751739740371704,1500,1500,1497,0.2638281285762787,-0.5509204864501953,-0.5237415432929993,0.14403879642486572,1.0935882329940796,-1.7016040086746216,19.5699520111084,99.14537811279297,-22.18,18.23,192.39,0.835070788860321,33.85
845629.6282121453,1832,1.5044769048690796,1500,1500,1497,-0.08010733872652054,-0.6441724896430969,-0.5850910544395447,0.0624677874147892,0.4504672586917877,-0.20480990409851074,19.119110107421875,100.50834655761719,-22.78,14.54,190.85,1.0285308361053467,33.84
845729.6282121453,1841,1.694311499595642,1500,1500,1497,-0.0964154452085495,-0.7789953351020813,-0.5208969116210938,0.18417981266975403,0.3397519290447235,3.749610424041748,18.06257438659668,101.10464477539062,-23.79,8.46,189.29,1.029840111732483,33.85
845829.6282121453,1840,1.6562942266464233,1500,1500,1497,-0.6686812043190002,-0.6905367970466614,-0.4626794755458832,0.20601916313171387,-0.42241421341896057,1.4602588415145874,18.774574279785156,100.84376525878906,-26.62,4.72,188.57,1.1222397089004517,33.85
845929.6282121453,1840,1.5302077531814575,1500,1500,1497,-0.9377264380455017,-0.8452816605567932,-0.3560020327568054,0.008440615609288216,-1.331067681312561,2.5047032833099365,19.18821144104004,101.40811920166016,-33.07,-1.28,189.03,1.4776382446289062,33.84
846029.6282121453,1831,1.6039763689041138,1500,1500,1497,-0.6380113959312439,-0.8335328698158264,-0.034424394369125366,0.2441767454147339,-0.6233167052268982,4.415184497833252,18.882139205932617,101.89260864257812,-36.04,-4.58,190.88,1.4313628673553467,33.85
846129.6282121453,1831,1.7600234746932983,1500,1500,1497,-0.3389504551887512,-0.7329766154289246,0.07723337411880493,0.03370102122426033,-0.2296057939529419,3.4146406650543213,18.763792037963867,101.6583480834961,-38.55,-8.52,194.29,1.1351805925369263,33.84
846229.6282121453,1829,1.735148549079895,1500,1500,1497,-0.3195068836212158,-0.7068387269973755,0.07815127819776535,-0.011323836632072926,0.03215375915169716,4.545092582702637,19.76225471496582,101.85800170898438,-40.26,-10.91,196.61,1.130950927734375,33.84
846329.6282121453,1829,1.8812758922576904,1500,1500,1497,-0.755772590637207,-0.6398049592971802,0.04486868530511856,0.21252474188804626,0.8556053638458252,7.577531814575195,20.367389678955078,102.54747009277344,-45.49,-13.99,199.84,1.019718885421753,33.84
846429.6282121453,1828,1.6677749156951904,1500,1500,1497,-0.5602350234985352,-0.4193728566169739,-0.05025044456124306,0.14047741889953613,1.6137796640396118,6.944624900817871,19.478099822998047,102.38508605957031,-48.45,-15.48,201.18,0.7528930306434631,33.84
846529.6282121453,1797,1.64959716796875,1500,1500,1497,-0.18869423866271973,-0.36605262756347656,-0.23753085732460022,0.11439637094736099,1.3130512237548828,3.248394727706909,19.45085906982422,100.74260711669922,-50.21,-18.32,202.1,0.7640212774276733,33.84
846629.6282121453,1693,1.6060409545898438,1500,1500,1497,0.22093378007411957,-0.42960748076438904,-0.3758848309516907,0.16367679834365845,1.7229270935058594,3.9521076679229736,19.66498565673828,99.77894592285156,-49.74,-20.86,202.44,0.7832565307617188,33.84
846729.6282121453,1579,1.5493927001953125,1500,1500,1499,0.048470303416252136,-0.09492513537406921,-0.5167434811592102,0.023846710100769997,0.8746519088745117,1.0256699323654175,19.81020736694336,98.40533447265625,-48.35,-24.04,200.72,0.8869354128837585,33.84
846829.6282121453,1500,1.376275658607483,1500,1500,1500,-0.03525270149111748,0.3337520658969879,-0.5650780200958252,-0.29499194025993347,0.15925854444503784,-6.690835952758789,20.08759307861328,96.80810546875,-47.44,-24.95,197.73,0.9880462288856506,33.84
846929.6282121453,1392,1.2220412492752075,1500,1500,1500,-0.2809229791164398,0.5539847016334534,-0.5335938334465027,-0.2782989740371704,-0.07201352715492249,-12.984354972839355,20.588930130004883,95.28541564941406,-46.65,-24.96,192.2,1.0917251110076904,33.84
847029.6282121453,1337,1.2047195434570312,1500,1500,1500,0.041432637721300125,0.7071864604949951,-0.4355723261833191,-0.03922433406114578,-0.32339558005332947,-16.385330200195312,20.79215431213379,93.5311279296875,-45.04,-24.1,188.3,1.0873947143554688,33.84
847129.6282121453,1322,1.2103592157363892,1500,1500,1500,0.13823512196540833,0.8420541286468506,-0.3595483601093292,0.1570727378129959,-0.3369409143924713,-18.739015579223633,20.976449966430664,92.53020477294922,-41.98,-21.6,182.23,1.0415221452713013,33.84
847229.6282121453,1292,0.9255569577217102,1500,1500,1500,-0.05955827236175537,0.8782808184623718,-0.36323437094688416,0.7813982367515564,-0.3700045645236969,-23.69417953491211,20.943159103393555,91.36156463623047,-41.05,-19.6,178.18,1.0461547374725342,33.84
847329.6282121453,1285,1.1367919445037842,1500,1500,1499,0.21784988045692444,0.7454255819320679,-0.317489355802536,-0.06391654908657074,-0.3649221956729889,-18.94453239440918,21.837060928344727,90.54698181152344,-38.25,-16.65,172.85,1.0037063360214233,33.84
847429.6282121453,1306,0.9679046273231506,1500,1500,1499,-0.15540844202041626,0.9448305368423462,-0.35429513454437256,0.7784570455551147,-1.160193920135498,-26.07001495361328,21.436656951904297,89.59130859375,-37.61,-14.09,168.94,1.127325415611267,33.84
847529.6282121453,1366,1.0547149181365967,1500,1500,1499,-0.24395816028118134,0.7378816604614258,-0.27041491866111755,0.6176057457923889,-0.7227475047111511,-24.381139755249023,21.421218872070312,89.00033569335938,-38.14,-10.94,164.22,1.108190894126892,33.84
847629.6282121453,1468,1.1287353038787842,1500,1500,1500,-0.30362194776535034,0.4794113039970398,-0.24394267797470093,-0.002095916075631976,-0.6167607307434082,-19.868972778320312,22.269025802612305,88.87788391113281,-39.01,-9.75,161.97,1.1305984258651733,33.84
847729.6282121453,1520,1.0723388195037842,1500,1500,1500,0.03202385455369949,0.26152846217155457,-0.17979684472084045,-0.12246312946081161,-0.11721915006637573,-19.69743537902832,22.386741638183594,88.29489135742188,-38.88,-8.94,159.7,1.0725905895233154,33.84
847829.6282121453,1523,1.2149916887283325,1500,1500,1500,0.008277956396341324,0.17319554090499878,-0.22497758269309998,-0.2655719220638275,-0.03741941973567009,-17.08193016052246,22.54887580871582,88.03933715820312,-38.68,-8.88,158.41,0.9985702633857727,33.84
847929.6282121453,1523,1.188757300376892,1500,1500,1500,-0.1477004885673523,0.22364118695259094,-0.30557262897491455,-0.21611711382865906,0.11135430634021759,-17.43749237060547,22.240989685058594,87.5974349975586,-39.18,-8.9,155.84,1.0184097290039062,33.84
848029.6282121453,1523,1.0951491594314575,1500,1500,1500,-0.31496062874794006,0.22290997207164764,-0.3422831892967224,-0.03948599472641945,-0.38231128454208374,-18.390975952148438,22.42352867126465,86.91329193115234,-40.14,-9.07,154.03,1.0026992559432983,33.84
848129.6282121453,1523,1.2138839960098267,1500,1500,1500,-0.41528603434562683,0.22035092115402222,-0.3452806770801544,-0.3988513648509979,-0.21404489874839783,-15.75971794128418,22.50337791442871,86.8653793334961,-42.09,-9.42,151.29,1.0538588762283325,33.84
848229.6282121453,1523,1.2757689952850342,1500,1500,1500,-0.20969480276107788,0.24552032351493835,-0.3085719645023346,-0.5760477781295776,-0.2593030631542206,-14.948159217834473,22.799560546875,86.7269515991211,-42.83,-9.49,149.47,1.0444930791854858,33.84
848329.6282121453,1523,1.287652611732483,1500,1500,1500,-0.11270852386951447,0.3008188009262085,-0.297618567943573,-0.7600895166397095,-0.03966260701417923,-13.136528015136719,22.585247039794922,86.47139739990234,-43.18,-9.33,146.59,1.0327606201171875,33.84
848429.6282121453,1523,1.216099500656128,1500,1500,1500,-0.027665136381983757,0.32970789074897766,-0.29374203085899353,-0.5870211720466614,0.3350375294685364,-14.436810493469238,23.10004425048828,85.83516693115234,-43.16,-9.09,144.56,1.0157912969589233,33.84
848529.6282121453,1523,1.3930938243865967,1500,1500,1500,0.0743371993303299,0.2765003740787506,-0.3179165720939636,-0.8933408260345459,0.1854042410850525,-11.367448806762695,23.193359375,85.7340087890625,-42.01,-8.94,141.61,0.996807873249054,33.84
848629.6282121453,1523,1.4026107788085938,1500,1500,1500,0.013731073588132858,0.37956249713897705,-0.3478948175907135,-1.012162446975708,-0.1311904788017273,-11.225263595581055,23.61981773376465,85.68875122070312,-41.53,-8.65,139.28,1.1028029918670654,33.83
848729.6282121453,1523,1.3828216791152954,1500,1500,1500,0.0855393335223198,0.38359788060188293,-0.2950607240200043,-1.0224595069885254,0.14938031136989594,-11.34537410736084,24.288301467895508,85.40924072265625,-40.77,-7.95,135.99,1.030847191810608,33.84
848829.6282121453,1523,1.3402221202850342,1500,1500,1500,-0.06253863871097565,0.42812877893447876,-0.2813510596752167,-1.0078669786453247,-0.06578023731708527,-13.076306343078613,24.128320693969727,84.63990783691406,-40.7,-7.28,133.79,1.0119140148162842,33.84
848929.6282121453,1523,1.1632277965545654,1500,1500,1500,-0.0843314677476883,0.3691551089286804,-0.25883087515830994,-0.6435667276382446,0.044979359954595566,-16.32275390625,23.533288955688477,83.90784454345703,-40.69,-6.34,130.75,0.9966064095497131,33.83
849029.6282121453,1523,1.2595046758651733,1500,1500,1500,0.187981516122818,0.3003510534763336,-0.24941159784793854,-0.7401612997055054,-0.024559766054153442,-14.068504333496094,23.816303253173828,83.89720153808594,-39.66,-5.98,129,1.054362416267395,33.84
849129.6282121453,1523,1.3955612182617188,1500,1500,1500,0.21776629984378815,0.2953133285045624,-0.23885031044483185,-0.9917908310890198,0.20915505290031433,-11.055551528930664,24.051965713500977,84.2991714477539,-38.24,-5.3,126.35,0.9561218023300171,33.84
849229.6282121453,1523,1.2061294317245483,1500,1500,1500,0.010204384103417397,0.373634934425354,-0.30662304162979126,-0.5554385185241699,0.41729453206062317,-16.381019592285156,23.767732620239258,83.22636413574219,-37.85,-4.75,124.26,0.9280746579170227,33.84
849329.6282121453,1523,1.1222397089004517,1500,1500,1500,-0.014325634576380253,0.2920050024986267,-0.39172035455703735,-0.3675849139690399,0.3184323012828827,-18.981496810913086,23.678035736083984,82.96814727783203,-37.85,-4.66,120.93,0.9369872808456421,33.84
849429.6282121453,1523,1.1846786737442017,1500,1500,1500,-0.07850807160139084,0.2551453113555908,-0.4421624541282654,-0.7241032123565674,0.365934818983078,-14.577119827270508,23.87074089050293,82.92288970947266,-38.04,-4.94,118.61,0.9311965703964233,33.83
849529.6282121453,1523,1.223602294921875,1500,1500,1500,-0.2896954119205475,0.3401336073875427,-0.49323928356170654,-0.6969572305679321,-0.017828872427344322,-14.724299430847168,23.502866744995117,82.41178131103516,-39.87,-5.2,114.6,0.9564239382743835,33.83
849629.6282121453,1523,1.2643890380859375,1500,1500,1500,-0.6688981652259827,0.34828490018844604,-0.4975540339946747,-0.6305907964706421,0.06024600937962532,-14.974024772644043,23.50558853149414,82.07902526855469,-42.61,-5.38,111.83,0.9981673955917358,33.84
849729.6282121453,1523,1.1591994762420654,1500,1500,1500,-0.4297123849391937,0.32109659910202026,-0.4203356206417084,-0.3240543603897095,-0.26204681396484375,-16.31018829345703,23.06867790222168,82.02312469482422,-45.52,-5.72,108.19,1.0202224254608154,33.84
849829.6282121453,1523,1.3040679693222046,1500,1500,1500,-0.08925741910934448,0.2429821938276291,-0.33680883049964905,-0.6794562935829163,0.31772011518478394,-12.127791404724121,22.802867889404297,82.0311050415039,-45.89,-5.96,106.27,0.9640274047851562,33.83
849929.6282121453,1523,1.2919830083847046,1500,1500,1500,-0.15066967904567719,0.3528425395488739,-0.3742162585258484,-0.583439826965332,0.0213127713650465,-12.410869598388672,22.559558868408203,81.85009002685547,-46.42,-6.07,102.82,0.9915710091590881,33.83
850029.6282121453,1523,1.255828857421875,1500,1500,1500,-0.1083972230553627,0.33849531412124634,-0.36715829372406006,-0.621090292930603,-0.1450890600681305,-13.38521957397461,22.94354820251465,81.50934600830078,-46.78,-6.17,100.52,1.0094467401504517,33.84
850129.6282121453,1523,1.3127288818359375,1500,1500,1500,-0.015713777393102646,0.3083638846874237,-0.35738787055015564,-0.719338595867157,0.0519191175699234,-11.717127799987793,23.20228385925293,81.62914276123047,-47,-6.32,97.18,0.9900603890419006,33.83
850229.6282121453,1523,1.2812576293945312,1500,1500,1500,-0.14020031690597534,0.3377031981945038,-0.3736599087715149,-0.730307400226593,0.20623591542243958,-13.775689125061035,23.21046257019043,81.62648010253906,-47.48,-6.44,94.84,0.9885497689247131,33.83
850329.6282121453,1523,1.2164520025253296,1500,1500,1500,-0.02711760811507702,0.3557380139827728,-0.3832261562347412,-0.5563852190971375,0.11046887189149857,-14.681818008422852,23.098628997802734,81.06745147705078,-47.54,-6.66,91.31,0.9954482913017273,33.84
850429.6282121453,1523,1.2980254888534546,1500,1500,1500,-0.11917374283075333,0.3178445100784302,-0.3776102364063263,-0.7512161731719971,0.0007562494720332325,-12.098501205444336,22.956958770751953,81.26444244384766,-47.71,-6.89,89.04,1.0449966192245483,33.83
850529.6282121453,1523,1.3495880365371704,1500,1500,1500,-0.13420596718788147,0.3590903878211975,-0.3428257703781128,-0.9250123500823975,-0.522517204284668,-11.829943656921387,23.60757827758789,81.00888061523438,-48.64,-6.95,85.6,1.0921279191970825,33.83
850629.6282121453,1523,1.3262237310409546,1500,1500,1500,-0.20517686009407043,0.40289631485939026,-0.31027859449386597,-1.2457358837127686,-0.4335525929927826,-12.477076530456543,24.468225479125977,80.9503173828125,-49.57,-6.74,83.29,1.16816246509552,33.83
850729.6282121453,1523,1.2831207513809204,1500,1500,1500,-0.4035378396511078,0.454061359167099,-0.20628368854522705,-1.15607488155365,-0.6325063705444336,-14.470993041992188,24.139366149902344,80.43122100830078,-51.82,-5.82,80.04,1.1811034679412842,33.83
850829.6282121453,1523,1.21448814868927,1500,1500,1500,-0.08258840441703796,0.39402589201927185,-0.13664819300174713,-1.0389448404312134,-0.05541602894663811,-15.935624122619629,24.149099349975586,80.3114242553711,-52.27,-5.14,78.23,1.0665481090545654,33.83
850929.6282121453,1523,1.185937523841858,1500,1500,1500,0.009338024072349072,0.334166556596756,-0.2011212855577469,-0.76399827003479,0.3533264100551605,-17.15079689025879,23.57672119140625,79.81362915039062,-52.18,-4.59,75.54,0.952496349811554,33.83
851029.6282121453,1523,1.2251129150390625,1500,1500,1500,-0.03267445042729378,0.31916487216949463,-0.36601558327674866,-0.8866040706634521,0.39957350492477417,-16.149208068847656,24.973228454589844,79.41165924072266,-52.24,-4.87,73.37,0.9227874875068665,33.83
851129.6282121453,1523,1.2337738275527954,1500,1500,1500,0.012904818169772625,0.3705849349498749,-0.4494800567626953,-0.8103611469268799,0.4762857258319855,-16.68714714050293,24.68260955810547,79.8721923828125,-52.3,-5.62,69.51,0.9119110107421875,33.83
851229.6282121453,1523,1.23870849609375,1500,1500,1500,-0.16509795188903809,0.4446089267730713,-0.547565221786499,-1.0539907217025757,0.5244221091270447,-13.370731353759766,24.07456398010254,79.6485824584961,-52.95,-6.31,66.45,0.928729236125946,33.83
851329.6282121453,1523,1.3793472051620483,1500,1500,1500,0.18893621861934662,0.3279454708099365,-0.5125331282615662,-0.9556849598884583,0.043963849544525146,-15.706571578979492,23.45071029663086,79.07890319824219,-51.51,-7.5,62.27,1.0091949701309204,33.83
851429.6282121453,1523,1.3296982049942017,1500,1500,1500,0.00028698588721454144,0.3847571909427643,-0.5049114227294922,-1.084193229675293,-0.4577925503253937,-12.700323104858398,23.81692886352539,79.5234603881836,-51.1,-8.13,59.47,1.0576354265213013,33.83
851529.6282121453,1523,1.2528579235076904,1500,1500,1500,-0.015104679390788078,0.43366920948028564,-0.36611104011535645,-0.7455031871795654,-0.8587023019790649,-15.679733276367188,23.753253936767578,78.92982482910156,-50.67,-8.15,55.54,1.15814208984375,33.83
851629.6282121453,1523,1.1573867797851562,1500,1500,1500,-0.000873783603310585,0.3128584027290344,-0.24215339124202728,-0.6095728874206543,-1.1237181425094604,-18.92840576171875,23.3626651763916,78.54116821289062,-50.63,-8.06,53.67,1.21851646900177,33.83
851729.6282121453,1523,1.126519799232483,1500,1500,1500,-0.05233787000179291,0.22256173193454742,-0.1200241893529892,-0.5300348997116089,-0.5755093693733215,-19.766530990600586,23.861604690551758,78.2962646484375,-50.63,-7.64,51.81,1.1202255487442017,33.83
851829.6282121453,1523,1.240319848060608,1500,1500,1500,0.09518381953239441,0.256012886762619,-0.1141762062907219,-1.0192123651504517,-0.23352910578250885,-13.976717948913574,23.53398895263672,78.45332336425781,-49.99,-7.27,50.63,1.072489857673645,33.83
851929.6282121453,1523,1.288609266281128,1500,1500,1500,-0.06562048941850662,0.40756335854530334,-0.19000759720802307,-0.9809174537658691,0.14385707676410675,-11.901739120483398,23.221044540405273,78.41339111328125,-49.66,-6.33,47.85,1.0455001592636108,33.83
852029.6282121453,1523,1.2819122076034546,1500,1500,1500,0.1974778175354004,0.3546539545059204,-0.22412501275539398,-0.8719084858894348,0.19575193524360657,-17.480966567993164,24.347841262817383,77.59614562988281,-48.67,-5.87,45.9,0.8666930794715881,33.83
852129.6282121453,1523,1.32123863697052,1500,1500,1500,-0.1650281846523285,0.4076002538204193,-0.40828171372413635,-1.0818296670913696,0.9457187056541443,-13.33764362335205,24.484485626220703,78.26698303222656,-49.31,-5.98,42.07,0.8951430916786194,33.83
852229.6282121453,1523,1.311772108078003,1500,1500,1500,-0.0940089300274849,0.46285638213157654,-0.5067586898803711,-1.304187536239624,0.512843668460846,-10.05320930480957,24.8665771484375,78.12322998046875,-49.57,-6.27,39.02,0.9764648079872131,33.83
852329.6282121453,1523,1.2114166021347046,1500,1500,1500,0.06790561974048615,0.37059158086776733,-0.45885172486305237,-0.765362024307251,-0.611021876335144,-18.766523361206055,24.089815139770508,76.90933990478516,-48.57,-6.77,34.89,1.1217864751815796,33.82
852429.6282121453,1523,1.3290435075759888,1500,1500,1500,0.7671309113502502,0.1633514165878296,-0.30667150020599365,-0.8560230135917664,-0.4893629848957062,-15.897098541259766,23.74652099609375,77.08236694335938,-45.56,-7.26,33.2,1.0502837896347046,33.83
852529.6282121453,1523,1.25885009765625,1500,1500,1500,-0.05462641268968582,0.2825523316860199,-0.38870882987976074,-0.8891919851303101,-0.40284496545791626,-16.0740909576416,24.18143081665039,76.81616973876953,-44.83,-7.68,30.09,1.0708281993865967,33.83
852629.6282121453,1523,1.272344946861267,1500,1500,1500,0.18894638121128082,0.29665350914001465,-0.33338701725006104,-0.8823303580284119,0.09619082510471344,-14.405292510986328,24.68373680114746,76.81350708007812,-44.02,-7.75,28.03,1.0105544328689575,33.83
852729.6282121453,1523,1.2385574579238892,1500,1500,1500,-0.06767997145652771,0.3229321539402008,-0.35285985469818115,-0.6980991363525391,-0.6375865936279297,-16.767677307128906,23.93023681640625,76.47808837890625,-44,-7.75,24.84,1.0829131603240967,33.82
852829.6282121453,1523,1.2616195678710938,1500,1500,1500,-0.40830567479133606,0.29961535334587097,-0.3409651815891266,-0.7675867080688477,-0.4556472599506378,-15.349098205566406,23.350053787231445,76.49139404296875,-45.64,-7.83,22.75,1.1501357555389404,33.83
852929.6282121453,1523,1.2862426042556763,1500,1500,1500,-0.05462177097797394,0.30737218260765076,-0.25477954745292664,-0.8204692006111145,-0.04733485355973244,-14.12079906463623,23.323383331298828,76.49671936035156,-46.36,-7.61,19.93,1.0072814226150513,33.83
853029.6282121453,1523,1.3007949590682983,1500,1500,1500,-0.20615403354167938,0.36459726095199585,-0.27596187591552734,-1.2212315797805786,-0.0840206891298294,-13.33489990234375,23.555068969726562,76.3902359008789,-46.92,-7.34,17.88,1.033868432044983,33.83
853129.6282121453,1523,1.3292449712753296,1500,1500,1500,-0.02847575955092907,0.39505353569984436,-0.2864973843097687,-0.8154518604278564,-0.2586730420589447,-14.552325248718262,22.829933166503906,76.374267578125,-47.57,-6.81,14.59,1.0229415893554688,33.83
853229.6282121453,1523,1.485996961593628,1500,1500,1500,-0.42115017771720886,0.30441370606422424,-0.3047932982444763,-1.4807920455932617,-1.1594507694244385,-11.146199226379395,24.102087020874023,76.69371032714844,-49.46,-6.8,12.5,1.1797943115234375,33.83
853329.6282121453,1523,1.4222991466522217,1500,1500,1500,-0.4723716080188751,0.4991885721683502,-0.17485201358795166,-1.5675837993621826,0.2126660794019699,-8.175236701965332,24.459016799926758,76.76292419433594,-52.28,-5.66,9.29,1.0749069452285767,33.83
853429.6282121453,1523,1.2778838872909546,1500,1500,1500,0.2561061680316925,0.4933214485645294,-0.12923793494701385,-1.2829216718673706,-0.1366083025932312,-16.42845916748047,24.807693481445312,75.70076751708984,-51.07,-4.68,7.17,1.05536949634552,33.83
853529.6282121453,1523,1.278538465499878,1500,1500,1500,0.10381683707237244,0.3099941909313202,-0.16319972276687622,-1.0613011121749878,-0.1823800504207611,-19.3983211517334,25.61458396911621,75.40528106689453,-49.66,-3.9,4.67,1.0526504516601562,33.82
853629.6282121453,1523,1.2519012689590454,1500,1500,1500,-0.04060503467917442,0.35028812289237976,-0.2376277595758438,-1.2098556756973267,0.014598224312067032,-18.883573532104492,25.387880325317383,75.30412292480469,-49.56,-3.66,2.82,1.010655164718628,33.83
853729.6282121453,1523,1.3265762329101562,1500,1500,1500,-0.32042011618614197,0.4096676707267761,-0.33047011494636536,-1.4701086282730103,0.10332248359918594,-15.262824058532715,25.85045623779297,75.71408081054688,-51.7,-3.53,359.35,1.0024977922439575,33.82
853829.6282121453,1523,1.2625259160995483,1500,1500,1500,-0.26217931509017944,0.4967414140701294,-0.33934128284454346,-1.336053729057312,0.4347452223300934,-14.639975547790527,25.842151641845703,75.45852661132812,-53.09,-3.32,356.62,0.9406631588935852,33.82
853929.6282121453,1523,1.2304000854492188,1500,1500,1500,0.029662497341632843,0.47229650616645813,-0.35277870297431946,-0.9462906718254089,0.6904211044311523,-16.647327423095703,25.152565002441406,74.95539855957031,-53.02,-3.23,352.67,0.9629195928573608,33.82
854029.6282121453,1523,1.3402221202850342,1500,1500,1500,-0.16062350571155548,0.3889162838459015,-0.4170095920562744,-1.4621586799621582,0.2194417119026184,-13.64753532409668,25.94573974609375,75.2934799194336,-53.32,-3.56,350.14,1.0022964477539062,33.82
854129.6282121453,1523,1.4484832286834717,1500,1500,1500,-0.019908979535102844,0.41792988777160645,-0.42515313625335693,-1.5571414232254028,0.3198820948600769,-10.645456314086914,25.831073760986328,75.93502807617188,-53.64,-4,346.05,0.9981673955917358,33.82
854229.6282121453,1521,1.4116240739822388,1500,1500,1500,-0.23764432966709137,0.5165707468986511,-0.43322983384132385,-1.6982882022857666,0.016193276271224022,-11.663029670715332,25.691246032714844,75.47449493408203,-54.57,-4.11,342.99,1.028782606124878,33.82
854329.6282121453,1521,1.3650466203689575,1500,1500,1500,-0.38063710927963257,0.5541937351226807,-0.4112964868545532,-1.6899148225784302,-0.5751223564147949,-15.001051902770996,26.183971405029297,74.88884735107422,-56.4,-4.12,338.37,1.1481720209121704,33.82
854429.6282121453,1521,1.41389000415802,1500,1500,1500,-0.18769802153110504,0.5097944140434265,-0.2944909632205963,-1.6637524366378784,-0.05927611514925957,-12.852109909057617,26.549819946289062,75.09648895263672,-57.1,-3.89,335.7,1.055973768234253,33.82
854529.6282121453,1521,1.3284393548965454,1500,1500,1500,-0.37599343061447144,0.5295748710632324,-0.2938329577445984,-1.4700230360031128,-0.14085513353347778,-15.37168025970459,26.24142074584961,74.60401153564453,-59.3,-3.53,331.53,1.0381485223770142,33.82
854629.6282121453,1521,1.3200302124023438,1500,1500,1500,-0.22197648882865906,0.49148401618003845,-0.30577191710472107,-1.4020453691482544,-0.041424933820962906,-15.032360076904297,26.008893966674805,74.43363952636719,-60.25,-3.49,328.9,1.0272216796875,33.82
854729.6282121453,1521,1.2491317987442017,1500,1500,1500,0.00973338633775711,0.4952431619167328,-0.2990972399711609,-1.2229231595993042,-0.17605635523796082,-17.00894546508789,25.575847625732422,73.52055358886719,-60.31,-3.49,325.04,1.0673034191131592,33.82
854829.6282121453,1512,1.2740570306777954,1500,1500,1500,-0.24301837384700775,0.4293200671672821,-0.3282597064971924,-1.2903565168380737,-0.3410479426383972,-16.599990844726562,25.562923431396484,73.32090759277344,-61.13,-3.72,322.64,1.0083892345428467,33.82
854929.6282121453,1500,1.14399254322052,1500,1500,1500,-0.37582916021347046,0.49560922384262085,-0.3603382110595703,-0.7036402225494385,-0.31136399507522583,-17.695720672607422,24.274063110351562,73.24104309082031,-62.65,-4.19,318.8,1.131555199623108,33.82
855029.6282121453,1472,1.1932891607284546,1500,1500,1500,0.4111899435520172,0.39534810185432434,-0.29000210762023926,-0.8328728675842285,0.5853633284568787,-15.069668769836426,24.200355529785156,73.04671478271484,-60.6,-4.48,316.66,0.9274703860282898,33.82
855129.6282121453,1472,1.2521530389785767,1500,1500,1500,0.11767636239528656,0.442513644695282,-0.4372822046279907,-0.9167400598526001,0.010103566572070122,-17.60422706604004,24.85843276977539,72.46904754638672,-59.35,-5.29,312.48,0.9069762825965881,33.82
855229.6282121453,1465,1.2152938842773438,1500,1500,1499,-0.47723710536956787,0.5990501642227173,-0.5158877968788147,-1.019213080406189,-0.1588243842124939,-16.493371963500977,25.03581428527832,72.16824340820312,-61.01,-5.86,309.05,1.1085433959960938,33.82
855329.6282121453,1465,1.2857390642166138,1500,1500,1500,-0.3306272029876709,0.56615149974823,-0.40770262479782104,-1.3420305252075195,-0.12700656056404114,-16.286874771118164,24.868669509887695,72.16824340820312,-62.8,-6.37,304.22,1.0594985485076904,33.82
855429.6282121453,1466,1.594157338142395,1500,1500,1500,-0.45080655813217163,0.6042504906654358,-0.37254661321640015,-1.712673544883728,0.005787964910268784,-8.04299259185791,25.675125122070312,72.53559875488281,-64.18,-6.49,300.9,0.977673351764679,33.82
855529.6282121453,1466,1.4539718627929688,1500,1500,1500,-0.20279791951179504,0.7604849338531494,-0.315523624420166,-1.6087604761123657,0.341273695230484,-12.295146942138672,25.954334259033203,72.05909729003906,-65.42,-6.07,295.31,1.0111587047576904,33.82
855629.6282121453,1472,1.1505385637283325,1500,1500,1500,-0.15577948093414307,0.7379628419876099,-0.28717562556266785,-1.1181265115737915,0.2229347974061966,-22.520790100097656,25.949621200561523,70.79462432861328,-65.81,-5.77,291.74,0.965789794921875,33.82
855729.6282121453,1469,1.2027053833007812,1500,1500,1500,-0.032766345888376236,0.4828278422355652,-0.3204643726348877,-1.0241786241531372,-0.036355361342430115,-21.486061096191406,26.129762649536133,70.235595703125,-65.77,-6.11,287.52,0.9984695315361023,33.82
855829.6282121453,1476,1.3099594116210938,1500,1500,1500,-0.08177585899829865,0.6014657020568848,-0.3714427351951599,-1.6638884544372559,-0.01371033489704132,-15.670811653137207,26.220178604125977,70.41395568847656,-65.76,-6.41,284.39,1.0213302373886108,33.82
855929.6282121453,1476,1.3004928827285767,1500,1500,1500,-0.10330599546432495,0.7163275480270386,-0.3827698528766632,-1.5618641376495361,-0.1938454508781433,-18.0284366607666,25.94951057434082,69.76441192626953,-65.67,-6.63,279.04,1.0030517578125,33.82
856029.6282121453,1476,1.2885589599609375,1451,1500,1500,-0.003796186065301299,0.6318329572677612,-0.3929849863052368,-1.3376424312591553,0.24586182832717896,-18.932666778564453,26.64255714416504,69.24797821044922,-65.38,-6.93,275.62,0.9875930547714233,33.82
856129.6282121453,1472,1.276574730873108,1405,1500,1500,0.3492254316806793,0.6072543263435364,-0.425214022397995,-1.3845947980880737,0.42514660954475403,-18.45038414001465,25.91377067565918,68.46001434326172,-62.71,-7.56,270.62,0.9712280035018921,33.82
856229.6282121453,1472,1.300089955329895,1373,1500,1500,0.5296384692192078,0.6032363176345825,-0.509760320186615,-1.2235970497131348,-0.22344064712524414,-18.84211540222168,25.750276565551758,68.28165435791016,-60.03,-8.17,267.13,0.9994262456893921,33.82
856329.6282121453,1473,1.2633819580078125,1355,1500,1499,0.7724514603614807,0.5244448781013489,-0.5603257417678833,-1.3258328437805176,-0.13655982911586761,-18.72184944152832,26.059406280517578,67.48836517333984,-54.26,-9.36,261.94,1.0954513549804688,33.82
856429.6282121453,1476,1.285638451576233,1292,1500,1499,1.2200710773468018,0.3829788863658905,-0.5657904744148254,-1.275162935256958,-1.0618594884872437,-21.135704040527344,26.487348556518555,66.8734359741211,-48.31,-10.18,258.86,1.1810531616210938,33.82
856529.6282121453,1477,1.344854712486267,1286,1500,1499,1.5390006303787231,0.33484187722206116,-0.5211820006370544,-1.6056597232818604,-1.4531023502349854,-18.294422149658203,26.527727127075195,66.91336822509766,-37.57,-10.91,254.56,1.2601089477539062,33.82
856629.6282121453,1476,1.3976256847381592,1259,1500,1500,1.7888225317001343,0.3594724237918854,-0.3662039041519165,-1.5445141792297363,-1.531288504600525,-16.31898307800293,25.877700805664062,66.55931854248047,-28.99,-10.49,252.15,1.29913330078125,33.82
856729.6282121453,1477,1.3417831659317017,1267,1500,1500,1.721471905708313,0.34503382444381714,-0.28309816122055054,-1.326515793800354,-1.5431996583938599,-18.319883346557617,25.89620018005371,66.13339233398438,-17.14,-9,249.34,1.3128799200057983,33.81
856829.6282121453,1480,1.2817611694335938,1311,1500,1500,1.4137341976165771,0.33201003074645996,-0.2002633959054947,-1.2124364376068115,-1.9019852876663208,-19.133920669555664,25.535232543945312,65.26556396484375,-10.49,-7.75,248.07,1.3496886491775513,33.82
856929.6282121453,1500,1.3526595830917358,1430,1500,1500,1.168670654296875,0.2714467942714691,-0.08295172452926636,-1.371538758277893,-1.9238369464874268,-17.110166549682617,25.61969566345215,65.56371307373047,-2.02,-5.91,247.32,1.3517532348632812,33.82
857029.6282121453,1521,1.4080489873886108,1500,1516,1500,0.316196084022522,0.3153131902217865,0.03539815917611122,-1.7606598138809204,-1.7555420398712158,-14.640325546264648,26.2618465423584,65.92841339111328,0.05,-4.46,247.47,1.319828748703003,33.82
857129.6282121453,1521,1.3825194835662842,1500,1532,1500,-0.14155952632427216,0.3992478847503662,0.19453655183315277,-1.833438515663147,-0.8470744490623474,-12.394372940063477,25.870994567871094,66.05352783203125,-0.64,-1.81,248.76,1.1815062761306763,33.82
857229.6282121453,1523,1.3332229852676392,1502,1548,1500,-0.013720899820327759,0.4433775842189789,0.2413817048072815,-1.3404322862625122,-0.2648020386695862,-15.074483871459961,25.563833236694336,65.34542083740234,-0.81,0.21,249.9,1.1361876726150513,33.82
857329.6282121453,1523,1.2757689952850342,1514,1564,1499,0.02486679144203663,0.3910219967365265,0.19309712946414948,-0.8649960160255432,-0.9482961893081665,-16.47117805480957,24.232473373413086,64.91683197021484,-0.44,2.86,251.35,1.2082443237304688,33.82
857429.6282121453,1523,1.2319610118865967,1532,1564,1499,-0.191159188747406,0.33187150955200195,0.13353048264980316,-0.426745742559433,-0.3657664358615875,-16.84669303894043,24.11802864074707,64.97540283203125,-1.11,4.37,252.04,1.1300445795059204,33.81
857529.6282121453,1523,1.1080398559570312,1551,1572,1500,0.2871478497982025,0.20620526373386383,0.13942457735538483,-0.090440534055233,0.3786957859992981,-20.11090087890625,24.693796157836914,65.11648559570312,0.1,6.01,252.94,0.990765392780304,33.81
857629.6282121453,1523,1.0022460222244263,1553,1580,1500,0.22703875601291656,0.23748567700386047,0.014341474510729313,0.3067804276943207,-0.3623376190662384,-23.74257469177246,24.34800910949707,64.90618896484375,1.28,7.04,253.15,0.984118640422821,33.81
857729.6282121453,1523,1.167205810546875,1515,1620,1500,-0.2057674527168274,0.19537539780139923,-0.11109597980976105,-0.4042498469352722,-0.10606458783149719,-17.449878692626953,24.871549606323242,65.5184555053711,-0.18,8.5,252.55,1.044895887374878,33.81
857829.6282121453,1523,1.2847319841384888,1519,1628,1499,-0.47231337428092957,0.3183704614639282,-0.14434169232845306,-0.17645132541656494,-0.39662060141563416,-16.0212459564209,24.26605224609375,65.90445709228516,-2.43,9.96,251.93,1.053808569908142,33.81
857929.6282121453,1523,1.2882064580917358,1524,1628,1497,-0.5240218043327332,0.37291282415390015,-0.13373491168022156,-0.07684370130300522,-0.5989574193954468,-14.9618558883667,24.22761344909668,66.52737426757812,-6.3,12.48,250.95,1.1105575561523438,33.81
858029.6282121453,1524,1.2983779907226562,1539,1636,1497,-0.4245150685310364,0.4188321828842163,-0.07929544150829315,0.06908396631479263,-0.1746101677417755,-14.854917526245117,23.776948928833008,66.70040130615234,-8.51,14.31,250.39,1.054362416267395,33.81
858129.6282121453,1553,1.2004897594451904,1535,1652,1496,-0.26200032234191895,0.33190786838531494,-0.05527041107416153,0.6289459466934204,-0.3141953945159912,-16.93846893310547,23.59197998046875,66.54067993164062,-10.81,16.67,249.64,1.1265701055526733,33.82
858229.6282121453,1575,1.2329177856445312,1527,1652,1497,-0.15875257551670074,0.12234501540660858,0.004075222183018923,0.5530269145965576,0.0902421772480011,-15.472677230834961,24.45575523376465,68.15653991699219,-11.61,17.34,249.57,1.0850783586502075,33.81
858329.6282121453,1574,0.981097400188446,1527,1652,1496,0.050967659801244736,0.30965617299079895,-0.02369624376296997,0.851391077041626,0.5871108174324036,-15.912731170654297,22.313615798950195,68.39080047607422,-12,18.85,249.05,0.9200180172920227,33.81
858429.6282121453,1557,1.6035735607147217,1520,1652,1490,0.06261857599020004,0.0805409848690033,-0.1514171063899994,0.6246117949485779,0.23089292645454407,-5.872135162353516,22.795183181762695,70.32078552246094,-11.48,19.23,248.33,1.0375945568084717,33.81
858529.6282121453,1540,1.346415638923645,1527,1652,1477,-0.43724873661994934,0.35505446791648865,-0.15829920768737793,0.8079520463943481,-0.22771605849266052,-10.275572776794434,22.03376579284668,70.36603546142578,-13.8,21.11,246.8,1.1035079956054688,33.81
858629.6282121453,1531,1.3385604619979858,1541,1652,1478,-0.17848388850688934,0.25027740001678467,-0.06980767101049423,0.9523283243179321,-0.19715051352977753,-11.05273151397705,21.768890380859375,70.98895263671875,-15.16,22.21,246.12,1.098673939704895,33.81
858729.6282121453,1539,1.2350326776504517,1546,1652,1480,-0.4783335030078888,0.3706073462963104,-0.07242973893880844,1.048201560974121,0.24148844182491302,-11.225605010986328,21.504962921142578,71.92066955566406,-18.8,24.36,244.97,1.010504126548767,33.81
858829.6282121453,1596,1.242132544517517,1502,1652,1482,-0.1415022313594818,0.2610839009284973,-0.08282570540904999,1.0548369884490967,0.5640442967414856,-13.340559005737305,21.748863220214844,72.46904754638672,-20.01,25.43,244.17,0.9505324959754944,33.81
858929.6282121453,1682,1.2871490716934204,1500,1644,1482,0.11910123378038406,-0.007054033223539591,-0.1426994651556015,1.308179259300232,0.35046839714050293,-11.401398658752441,21.014719009399414,73.17182922363281,-20.16,25.28,243.01,0.9296859502792358,33.81
859029.6282121453,1695,1.3674132823944092,1500,1636,1474,-0.011779673397541046,-0.3056477904319763,-0.22732363641262054,1.2029812335968018,0.5630021691322327,-8.157854080200195,21.119800567626953,74.07160186767578,-20.47,23.76,242.37,0.9830611944198608,33.81
859129.6282121453,1672,1.3058806657791138,1493,1636,1477,0.09446888417005539,-0.3131236433982849,-0.22090788185596466,1.1094766855239868,0.6725618243217468,-8.203648567199707,20.388092041015625,75.10713195800781,-20.61,21.29,241.5,0.9260101318359375,33.81
859229.6282121453,1633,1.261468529701233,1500,1636,1478,-0.22574017941951752,-0.20337674021720886,-0.3126358091831207,1.3908051252365112,0.48960527777671814,-7.484893321990967,20.16745376586914,75.73004913330078,-22.12,19.93,240.42,0.933361828327179,33.81
859329.6282121453,1622,1.2961623668670654,1501,1636,1485,-0.18876180052757263,-0.05955866351723671,-0.35058122873306274,1.2922332286834717,0.2800021171569824,-7.5754714012146,19.734922409057617,76.48075103759766,-24.07,18.55,238.26,0.9389007687568665,33.81
859429.6282121453,1651,1.420587182044983,1502,1636,1480,-0.04575484246015549,-0.05651777237653732,-0.357436865568161,1.4167643785476685,0.15178847312927246,-4.667928695678711,19.09406089782715,77.11963653564453,-24.9,17.7,236.77,1.0092452764511108,33.81
859529.6282121453,1669,1.315649390220642,1502,1636,1477,-0.18931198120117188,-0.07466878741979599,-0.2733360230922699,1.320623755455017,0.027826551347970963,-5.106299877166748,19.453826904296875,77.58016967773438,-26.39,16.36,235.2,1.0173522233963013,33.81
859629.6282121453,1664,1.3715423345565796,1500,1636,1470,-0.11490646004676819,-0.17714041471481323,-0.22934368252754211,1.3994231224060059,-0.12529242038726807,-7.338895797729492,18.606830596923828,77.67068481445312,-27.19,15.23,234.53,1.1040115356445312,33.81
859729.6282121453,1645,1.2113662958145142,1476,1636,1470,-0.019481036812067032,-0.204657182097435,-0.17292921245098114,1.5334868431091309,0.07377616316080093,-7.050363540649414,18.480188369750977,78.62635803222656,-27.57,13.44,234.03,1.0849273204803467,33.81
859829.6282121453,1625,1.2867965698242188,1435,1636,1477,0.41027820110321045,-0.1674412339925766,-0.1150766909122467,1.7557673454284668,0.23426620662212372,-7.559068202972412,17.9534854888916,78.99637603759766,-25.91,12.5,233.87,1.0592972040176392,33.81
859929.6282121453,1617,1.6514098644256592,1429,1636,1478,0.09972446411848068,-0.15403929352760315,-0.1227710098028183,1.5314940214157104,0.4350404441356659,-3.415564775466919,18.030597686767578,80.10379028320312,-24.28,11.32,233.47,0.9969589114189148,33.81
860029.6282121453,1589,1.3441497087478638,1405,1636,1483,0.22042132914066315,0.07710471749305725,-0.17279528081417084,1.4016895294189453,0.5776796340942383,-4.183894157409668,18.146541595458984,80.21825408935547,-23.47,11.23,232.66,1.002044677734375,33.81
860129.6282121453,1579,1.242334008216858,1391,1636,1491,0.6346719264984131,0.10191387683153152,-0.19556467235088348,1.554402232170105,0.753385603427887,-8.257999420166016,18.395214080810547,80.52971649169922,-19.22,11.37,231.14,0.9320022463798523,33.8
860229.6282121453,1573,1.1387557983398438,1394,1636,1494,1.2792726755142212,0.017418138682842255,-0.26083990931510925,1.9468971490859985,0.4259603023529053,-12.327005386352539,18.102752685546875,80.13573455810547,-13.91,11.13,229.9,0.926513671875,33.81
860329.6282121453,1573,1.1337203979492188,1427,1636,1495,0.6529285311698914,-0.13084639608860016,-0.45020484924316406,2.46781325340271,-0.8219861388206482,-13.255263328552246,17.76715087890625,80.4365463256836,-9.79,9.97,227,1.001591444015503,33.81
860429.6282121453,1582,1.5502487421035767,1496,1588,1495,-0.5403565168380737,-0.060663122683763504,-0.5298545360565186,1.6296031475067139,-0.5890285968780518,-4.3761701583862305,17.736474990844727,81.3656005859375,-12.29,9.27,224.62,1.1046661138534546,33.81
860529.6282121453,1582,1.3853896856307983,1497,1548,1495,-0.3143668472766876,0.05450333282351494,-0.3393310606479645,0.7615684270858765,-0.4152001440525055,-5.6730546951293945,18.657981872558594,82.12428283691406,-15.33,9.16,222.1,1.1575881242752075,33.8
860629.6282121453,1579,1.1912750005722046,1499,1500,1493,-0.4134604334831238,0.06168295443058014,-0.24077440798282623,0.7970123887062073,-0.8292003870010376,-10.272660255432129,17.64949607849121,81.84210205078125,-17.45,9.2,220.93,1.1783339977264404,33.8
860729.6282121453,1579,1.2398666143417358,1499,1500,1493,-0.4055559039115906,-0.07173673063516617,-0.1835302710533142,0.5818856358528137,-0.6867096424102783,-9.184999465942383,17.05529022216797,82.28666687011719,-20.52,8.52,219.8,1.2327163219451904,33.8
860829.6282121453,1586,1.2582961320877075,1491,1500,1486,-0.354602575302124,-0.07271333038806915,-0.11467129737138748,0.49235600233078003,-0.5044258236885071,-7.533304691314697,16.56965446472168,82.872314453125,-22.23,8.01,219.41,1.2216888666152954,33.8
860929.6282121453,1594,1.2097045183181763,1447,1500,1483,-0.2186174988746643,-0.08088810741901398,-0.08131865411996841,0.5874469876289368,-0.27550622820854187,-8.939485549926758,16.178993225097656,83.08793640136719,-23.61,7.36,219.07,1.1103057861328125,33.8
861029.6282121453,1581,1.3392654657363892,1376,1500,1470,0.11422919481992722,-0.11340133100748062,-0.0885612964630127,0.5068727731704712,-0.05969318374991417,-7.403775691986084,15.859798431396484,83.64163970947266,-23.32,6.75,218.89,1.11378014087677,33.8
861129.6282121453,1564,1.2569366693496704,1349,1500,1470,0.3528503179550171,-0.06409585475921631,-0.1532856673002243,0.684106171131134,0.2966081202030182,-6.374174118041992,15.782584190368652,83.95576477050781,-21.01,5.99,218.15,1.0319045782089233,33.8
861229.6282121453,1526,1.2099562883377075,1316,1500,1458,1.061749815940857,-0.030031977221369743,-0.21308737993240356,0.8281145095825195,0.4621902406215668,-8.459175109863281,15.246840476989746,83.9344711303711,-16.58,5.58,217.25,1.0615127086639404,33.81
861329.6282121453,1524,1.4428435564041138,1341,1500,1470,1.1045268774032593,-0.09101821482181549,-0.30186203122138977,0.7224156856536865,-0.43004387617111206,-7.702829360961914,14.921116828918457,84.23262023925781,-8.65,4.58,215.43,1.0958038568496704,33.8
861429.6282121453,1523,1.288055419921875,1356,1500,1483,1.0975487232208252,-0.016674691811203957,-0.2779995799064636,0.3903774619102478,0.13788576424121857,-5.731082439422607,15.685820579528809,84.46421813964844,-3.8,4.32,214.1,0.9258590340614319,33.8
861529.6282121453,1523,1.6605743169784546,1377,1500,1489,1.1425210237503052,-0.009372372180223465,-0.334451287984848,0.44900432229042053,-0.21117880940437317,-3.5063986778259277,16.318851470947266,84.43492889404297,3.91,4.39,211.94,1.2530593872070312,33.8
861629.6282121453,1524,1.2223434448242188,1396,1500,1496,0.9844492077827454,0.0971914753317833,-0.25155404210090637,0.6106972694396973,-0.5819082260131836,-9.083268165588379,16.63468360900879,83.84661865234375,8.41,4.98,210.78,1.0813522338867188,33.8
861729.6282121453,1523,1.232212781906128,1439,1500,1497,0.5308735966682434,-0.05225527659058571,-0.2769358158111572,0.6773136258125305,-0.8315117359161377,-9.881869316101074,16.47051429748535,83.75078582763672,12.23,5.35,208.9,1.1695724725723267,33.8
861829.6282121453,1523,1.228033423423767,1476,1500,1497,0.24438950419425964,-0.0015849694609642029,-0.22951292991638184,0.7090250253677368,-1.3116068840026855,-10.212733268737793,16.539657592773438,83.93180847167969,13.35,5.6,207.84,1.295709252357483,33.8
861929.6282121453,1524,1.159753441810608,1497,1500,1499,-0.010656628757715225,-0.036366481333971024,-0.10082393139600754,0.6965433359146118,-1.4143353700637817,-9.849448204040527,16.05735206604004,84.1048355102539,13.22,5.65,207.06,1.3040679693222046,33.8
862029.6282121453,1523,1.1428344249725342,1500,1500,1499,-0.3293582797050476,-0.01135045476257801,0.03918815776705742,0.8571024537086487,-1.4489257335662842,-11.14515495300293,16.190994262695312,84.04893493652344,11.91,5.57,207.19,1.3671112060546875,33.8
862129.6282121453,1523,1.1445465087890625,1507,1500,1499,-0.47577548027038574,-0.08001357316970825,0.1497218757867813,0.8482487797737122,-1.1561939716339111,-10.526390075683594,15.883271217346191,84.07821655273438,8.81,4.94,208.07,1.3617736101150513,33.8
862229.6282121453,1523,1.2036620378494263,1528,1500,1497,-0.4878413677215576,-0.08381418883800507,0.2236417829990387,0.7608587741851807,-0.9518918991088867,-9.099788665771484,15.789700508117676,84.24592590332031,6.68,4.42,209.03,1.3269790410995483,33.8
862329.6282121453,1523,1.185887098312378,1539,1500,1490,-0.4590153992176056,-0.027354925870895386,0.2605440616607666,0.8772252798080444,-0.753302812576294,-9.219407081604004,15.361835479736328,84.19535064697266,3.81,3.97,210.8,1.306132435798645,33.8
862429.6282121453,1524,1.1556243896484375,1540,1500,1478,-0.3579726815223694,-0.0518130399286747,0.28009963035583496,0.7916792631149292,-0.36889106035232544,-8.848420143127441,15.138533592224121,84.0862045288086,2.28,3.68,212.08,1.235687255859375,33.8
862529.6282121453,1525,1.2253646850585938,1504,1500,1462,-0.37193846702575684,-0.011555472388863564,0.2657531201839447,0.8016714453697205,-0.2538204491138458,-8.712416648864746,15.705141067504883,84.11282348632812,0.04,3.5,213.95,1.1330658197402954,33.8
862629.6282121453,1537,1.0820571184158325,1501,1484,1455,-0.2950587570667267,-0.0031686967704445124,0.22076784074306488,0.9058086276054382,-0.048007506877183914,-10.058521270751953,15.648700714111328,84.27787017822266,-1.29,3.49,215,1.110205054283142,33.8
862729.6282121453,1536,1.1055221557617188,1500,1468,1451,-0.2062389850616455,-0.010626085102558136,0.1710677295923233,0.8780338764190674,0.10474104434251785,-9.77345085144043,15.901223182678223,84.2991714477539,-2.57,3.44,216.23,1.0033538341522217,33.8
862829.6282121453,1534,1.1050186157226562,1500,1460,1446,0.059027183800935745,-0.03436540812253952,0.10349470376968384,0.8259317278862,0.12176826596260071,-10.175976753234863,15.619383811950684,84.5147933959961,-2.34,3.31,216.75,0.9835647344589233,33.8
862929.6282121453,1526,1.086588978767395,1500,1460,1444,0.2263931930065155,-0.05857636407017708,0.05118059366941452,0.8261218070983887,0.12395712733268738,-10.301774978637695,15.80374813079834,84.24858856201172,-0.92,2.95,217.11,0.9457992315292358,33.8
863029.6282121453,1525,1.0693680047988892,1500,1460,1446,0.1907394826412201,-0.06733279675245285,-0.007206223905086517,0.8675212860107422,0.1532699316740036,-10.465265274047852,15.888693809509277,84.46687316894531,0,2.64,217.1,0.921679675579071,33.8
863129.6282121453,1524,1.103306531906128,1500,1460,1458,0.2071017473936081,-0.07796702533960342,-0.05021161213517189,0.7176231741905212,0.1332407295703888,-9.706124305725098,15.629708290100098,84.63458251953125,1.46,2.12,216.81,0.9354262948036194,33.8
863229.6282121453,1523,1.115240454673767,1500,1460,1457,0.19146597385406494,-0.06684621423482895,-0.08179876208305359,0.684666633605957,-0.09844440221786499,-9.977067947387695,15.7854585647583,84.64789581298828,2.41,1.82,216.42,0.945648193359375,33.8
863329.6282121453,1523,1.0490249395370483,1500,1460,1476,0.09333698451519012,-0.04875318706035614,-0.12607276439666748,0.5875582098960876,-0.5008322596549988,-11.085053443908691,16.033090591430664,84.62660217285156,2.93,1.49,215.56,1.124908447265625,33.8
863429.6282121453,1523,1.2272781133651733,1500,1460,1497,-0.2001032680273056,-0.04162316024303436,-0.11864453554153442,0.3478834629058838,-0.50026535987854,-9.402145385742188,17.409061431884766,84.89014434814453,2.11,1.31,215.01,1.1717376708984375,33.8
863529.6282121453,1523,1.3312591314315796,1500,1460,1499,-0.4044128954410553,0.044243212789297104,-0.08217397332191467,0.06686095893383026,-0.811323881149292,-8.57997989654541,17.922883987426758,85.0977783203125,-0.49,1.51,214.5,1.2673598527908325,33.8
863629.6282121453,1523,1.2844802141189575,1500,1460,1474,-0.8304622769355774,0.04996877908706665,-0.01587831601500511,0.11494371294975281,-0.6042815446853638,-9.211898803710938,17.61227798461914,85.18563079833984,-4.16,1.81,214.41,1.1333175897598267,33.8
863729.6282121453,1523,1.2509948015213013,1500,1460,1446,-0.8349248766899109,0.05679350718855858,0.03144397959113121,0.19768758118152618,-0.24660754203796387,-8.599138259887695,16.976177215576172,85.05785369873047,-9.82,2.32,214.61,1.1487258672714233,33.8
863829.6282121453,1523,1.2233000993728638,1500,1460,1447,-0.7603355646133423,0.09347393363714218,0.06389927119016647,0.33989086747169495,-0.3279244303703308,-9.001381874084473,16.59809684753418,84.92740631103516,-13.17,2.76,214.87,1.1209808588027954,33.79